
-- MAINTENANCE_PLAN
insert into MAINTENANCE_PLAN (id, YEAR_OF_ACTION, PLANT_HREF) values ('1', 2016, '1');

insert into MAINTENANCE_TASK (id, TYPE_OF_WORK, PRICE) VALUES ('1', 'CORRECTIVE', 100);
insert into MAINTENANCE_TASK (id, TYPE_OF_WORK, PRICE) VALUES ('2', 'OPERATIVE', 200);

insert INTO MAINTENANCE_PLAN_TASKS (MAINTENANCE_PLAN_ID, TASKS_ID) VALUES ('1', '1');
insert INTO MAINTENANCE_PLAN_TASKS (MAINTENANCE_PLAN_ID, TASKS_ID) VALUES ('1', '2');


insert into MAINTENANCE_PLAN (id, YEAR_OF_ACTION, PLANT_HREF) values ('2', 2016, '2');


insert into MAINTENANCE_TASK (id, TYPE_OF_WORK, PRICE) VALUES ('3', 'CORRECTIVE', 300);
insert into MAINTENANCE_TASK (id, TYPE_OF_WORK, PRICE) VALUES ('4', 'CORRECTIVE', 500);

insert INTO MAINTENANCE_PLAN_TASKS (MAINTENANCE_PLAN_ID, TASKS_ID) VALUES ('2', '3');
insert INTO MAINTENANCE_PLAN_TASKS (MAINTENANCE_PLAN_ID, TASKS_ID) VALUES ('2', '4');



insert into MAINTENANCE_PLAN (id, YEAR_OF_ACTION, PLANT_HREF) values ('3', 2017, '1');

insert into MAINTENANCE_TASK (id, TYPE_OF_WORK, PRICE) VALUES ('5', 'CORRECTIVE', 500);
insert into MAINTENANCE_TASK (id, TYPE_OF_WORK, PRICE) VALUES ('6', 'CORRECTIVE', 320);

insert INTO MAINTENANCE_PLAN_TASKS (MAINTENANCE_PLAN_ID, TASKS_ID) VALUES ('3', '5');
insert INTO MAINTENANCE_PLAN_TASKS (MAINTENANCE_PLAN_ID, TASKS_ID) VALUES ('3', '6');



insert into MAINTENANCE_PLAN (id, YEAR_OF_ACTION, PLANT_HREF) values ('4', 2018, '1');

insert into MAINTENANCE_TASK (id, TYPE_OF_WORK, PRICE) VALUES ('7', 'CORRECTIVE', 230);
insert into MAINTENANCE_TASK (id, TYPE_OF_WORK, PRICE) VALUES ('8', 'CORRECTIVE', 150);

insert INTO MAINTENANCE_PLAN_TASKS (MAINTENANCE_PLAN_ID, TASKS_ID) VALUES ('4', '7');
insert INTO MAINTENANCE_PLAN_TASKS (MAINTENANCE_PLAN_ID, TASKS_ID) VALUES ('4', '8');


insert into MAINTENANCE_PLAN (id, YEAR_OF_ACTION, PLANT_HREF) values ('5', 2010, '1');

insert into MAINTENANCE_TASK (id, TYPE_OF_WORK, PRICE) VALUES ('9', 'CORRECTIVE', 120);
insert into MAINTENANCE_TASK (id, TYPE_OF_WORK, PRICE) VALUES ('10', 'CORRECTIVE', 180);

insert INTO MAINTENANCE_PLAN_TASKS (MAINTENANCE_PLAN_ID, TASKS_ID) VALUES ('5', '9');
insert INTO MAINTENANCE_PLAN_TASKS (MAINTENANCE_PLAN_ID, TASKS_ID) VALUES ('5', '10');
